peak_rank,dataset,param_set,channel,n_curves,peak_wavelength_nm_grid,peak_wavelength_nm_refined,peak_wavelength_nm_0p1,peak_intensity,peak_intensity_refined,candidate_rank,delta_nm,nist_wavelength_nm,nist_obs_wl_nm,nist_ritz_wl_nm,nist_aki_s-1,nist_acc,nist_transition_type,nist_spectra_query,nist_element,nist_ion_stage,nist_species,nist_transition,nist_rel_intensity,nist_source
1,air,100H,bulk,3,335.0,335.34109214453343,335.3,0.00012906466666666666,0.0001307551932382723,1,0.15550980000000436,335.4555098,,335.4555098,1453700.0,AAA,,He I,He,I,He I,,1453700.0,live_nist
1,air,100H,bulk,3,335.0,335.34109214453343,335.3,0.00012906466666666666,0.0001307551932382723,2,0.16900000000003956,335.131,,335.131,,,,O II,O,II,O II,,,live_nist
1,air,100H,bulk,3,335.0,335.34109214453343,335.3,0.00012906466666666666,0.0001307551932382723,3,0.2076200000000199,335.09238,335.09238,335.092386,150000000.0,D,,Ar II,Ar,II,Ar II,,150000000.0,live_nist
2,air,100H,bulk,3,390.0,390.0978727679337,390.1,8.37513e-05,8.384903166802662e-05,1,0.037490000000047985,390.06251,390.06251,390.062636,7200000.0,B,,Ar II,Ar,II,Ar II,,7200000.0,live_nist
2,air,100H,bulk,3,390.0,390.0978727679337,390.1,8.37513e-05,8.384903166802662e-05,2,0.08155000000004975,390.01845,,390.01845,414000.0,C,,N I,N,I,N I,,414000.0,live_nist
2,air,100H,bulk,3,390.0,390.0978727679337,390.1,8.37513e-05,8.384903166802662e-05,3,0.469600000000014,389.6304,389.6304,389.63032,162000.0,C,,O II,O,II,O II,,162000.0,live_nist
3,air,100H,bulk,3,356.0,355.6856112716226,355.7,6.477403333333334e-05,6.55272275094375e-05,1,0.009619999999983975,355.69038,355.69038,355.690383,5000000.0,B,,Ar II,Ar,II,Ar II,,5000000.0,live_nist
3,air,100H,bulk,3,356.0,355.6856112716226,355.7,6.477403333333334e-05,6.55272275094375e-05,2,0.24593459999999823,355.4540654,,355.4540654,727720.0,AAA,,He I,He,I,He I,,727720.0,live_nist
3,air,100H,bulk,3,356.0,355.6856112716226,355.7,6.477403333333334e-05,6.55272275094375e-05,3,0.25078999999999496,355.95079,355.95079,355.95078,288000000.0,B,,Ar II,Ar,II,Ar II,,288000000.0,live_nist
4,air,100H,bulk,3,314.0,313.59894466880877,313.6,5.0343299999999996e-05,5.1434571556171324e-05,1,0.0483899999999835,313.64839,313.64839,313.648425,,,,Ar II,Ar,II,Ar II,,,live_nist
4,air,100H,bulk,3,314.0,313.59894466880877,313.6,5.0343299999999996e-05,5.1434571556171324e-05,2,0.12800000000004275,313.472,313.472,313.4726,123000000.0,C,,O II,O,II,O II,,123000000.0,live_nist
4,air,100H,bulk,3,314.0,313.59894466880877,313.6,5.0343299999999996e-05,5.1434571556171324e-05,3,0.16289999999997917,313.7629,313.7629,313.763261,,,,Ar II,Ar,II,Ar II,,,live_nist
5,air,100H,bulk,3,308.0,307.8142883613788,307.8,2.1479548666666664e-05,2.1598236092779213e-05,1,0.33909999999997353,308.1391,308.1391,308.1389,,,,O II,O,II,O II,,,live_nist
5,air,100H,bulk,3,308.0,307.8142883613788,307.8,2.1479548666666664e-05,2.1598236092779213e-05,2,0.4977700000000027,308.29777,308.29777,308.29776,,,,Ar II,Ar,II,Ar II,,,live_nist
6,air,100H,bulk,3,379.0,378.62360163666233,378.6,1.4473693333333334e-05,1.4705118793111523e-05,1,0.03818999999998596,378.63819,378.63819,378.638198,1500000.0,B,,Ar II,Ar,II,Ar II,,1500000.0,live_nist
6,air,100H,bulk,3,379.0,378.62360163666233,378.6,1.4473693333333334e-05,1.4705118793111523e-05,2,0.06999999999999318,378.67,,378.67,970000.0,D,,O II,O,II,O II,,970000.0,live_nist
6,air,100H,bulk,3,379.0,378.62360163666233,378.6,1.4473693333333334e-05,1.4705118793111523e-05,3,0.10200000000003229,378.498,,378.498,5830000.0,D,,O II,O,II,O II,,5830000.0,live_nist
7,air,100H,bulk,3,429.0,428.9915394704995,429.0,8.674921333333333e-06,8.675021984022535e-06,1,0.117999999999995,428.882,428.882,428.882,,,,O II,O,II,O II,,,live_nist
7,air,100H,bulk,3,429.0,428.9915394704995,429.0,8.674921333333333e-06,8.675021984022535e-06,2,0.117999999999995,428.882,428.882,428.8829,,,,O II,O,II,O II,,,live_nist
7,air,100H,bulk,3,429.0,428.9915394704995,429.0,8.674921333333333e-06,8.675021984022535e-06,3,0.12540000000001328,429.1254,429.1254,429.12535,,,,O II,O,II,O II,,,live_nist
8,air,100H,bulk,3,329.0,329.06379445930236,329.1,2.0408666666666664e-06,2.0456390397915927e-06,1,0.04404999999997017,329.14405,329.14405,329.144028,,,,Ar II,Ar,II,Ar II,,,live_nist
8,air,100H,bulk,3,329.0,329.06379445930236,329.1,2.0408666666666664e-06,2.0456390397915927e-06,2,0.10190000000000055,328.9981,328.9981,328.9982,,,,O II,O,II,O II,,,live_nist
8,air,100H,bulk,3,329.0,329.06379445930236,329.1,2.0408666666666664e-06,2.0456390397915927e-06,3,0.2640199999999595,329.36402,329.36402,329.364009,170000000.0,D,,Ar II,Ar,II,Ar II,,170000000.0,live_nist
9,air,100H,bulk,3,408.0,408.2114524015754,408.2,1.2009929666666667e-06,1.2220344171749967e-06,1,0.03867999999999938,408.23868,408.23868,408.23868,2900000.0,B+,,Ar II,Ar,II,Ar II,,2900000.0,live_nist
9,air,100H,bulk,3,408.0,408.2114524015754,408.2,1.2009929666666667e-06,1.2220344171749967e-06,2,0.04149999999998499,408.2415,408.2415,408.2415,,,,C I,C,I,C I,,,live_nist
9,air,100H,bulk,3,408.0,408.2114524015754,408.2,1.2009929666666667e-06,1.2220344171749967e-06,3,0.09809999999998809,408.2981,408.2981,408.298,,,,C I,C,I,C I,,,live_nist
10,air,100H,bulk,3,350.0,350.3378526478017,350.3,6.578343333333334e-07,6.889411586305065e-07,1,0.1331000000000131,350.1669,350.1669,350.1668,,,,O II,O,II,O II,,,live_nist
10,air,100H,bulk,3,350.0,350.3378526478017,350.3,6.578343333333334e-07,6.889411586305065e-07,2,0.2839000000000169,350.5839,350.5839,350.5885,,,,O II,O,II,O II,,,live_nist
10,air,100H,bulk,3,350.0,350.3378526478017,350.3,6.578343333333334e-07,6.889411586305065e-07,3,0.304300000000012,349.9957,349.9957,349.996731,,,,Ar II,Ar,II,Ar II,,,live_nist
1,air,5H..01A,bulk,3,335.0,335.3929740791269,335.4,0.00016049966666666668,0.00016238626972487496,1,0.05550980000003847,335.4555098,,335.4555098,1453700.0,AAA,,He I,He,I,He I,,1453700.0,live_nist
1,air,5H..01A,bulk,3,335.0,335.3929740791269,335.4,0.00016049966666666668,0.00016238626972487496,2,0.26900000000000546,335.131,,335.131,,,,O II,O,II,O II,,,live_nist
1,air,5H..01A,bulk,3,335.0,335.3929740791269,335.4,0.00016049966666666668,0.00016238626972487496,3,0.3076199999999858,335.09238,335.09238,335.092386,150000000.0,D,,Ar II,Ar,II,Ar II,,150000000.0,live_nist
2,air,5H..01A,bulk,3,390.0,390.1567974322891,390.2,0.00011623133333333333,0.00011652687689351925,1,0.13749000000001388,390.06251,390.06251,390.062636,7200000.0,B,,Ar II,Ar,II,Ar II,,7200000.0,live_nist
2,air,5H..01A,bulk,3,390.0,390.1567974322891,390.2,0.00011623133333333333,0.00011652687689351925,2,0.18155000000001564,390.01845,,390.01845,414000.0,C,,N I,N,I,N I,,414000.0,live_nist
2,air,5H..01A,bulk,3,390.0,390.1567974322891,390.2,0.00011623133333333333,0.00011652687689351925,3,0.49500000000000455,390.695,390.695,390.693849,,,,Ar II,Ar,II,Ar II,,,live_nist
3,air,5H..01A,bulk,3,356.0,355.95567054453244,356.0,9.947773333333334e-05,9.948951240847533e-05,1,0.04921000000001641,355.95079,355.95079,355.95078,288000000.0,B,,Ar II,Ar,II,Ar II,,288000000.0,live_nist
3,air,5H..01A,bulk,3,356.0,355.95567054453244,356.0,9.947773333333334e-05,9.948951240847533e-05,2,0.10302999999998974,356.10303,356.10303,356.103016,400000000.0,D,,Ar II,Ar,II,Ar II,,400000000.0,live_nist
3,air,5H..01A,bulk,3,356.0,355.95567054453244,356.0,9.947773333333334e-05,9.948951240847533e-05,3,0.21280000000001564,356.2128,,356.2128,3770.0,E,,O II,O,II,O II,,3770.0,live_nist
4,air,5H..01A,bulk,3,314.0,313.8323798558945,313.8,9.402863333333334e-05,9.43828971110658e-05,1,0.03350000000000364,313.8335,313.8335,313.8337,96400000.0,C,,O II,O,II,O II,,96400000.0,live_nist
4,air,5H..01A,bulk,3,314.0,313.8323798558945,313.8,9.402863333333334e-05,9.43828971110658e-05,2,0.03710000000000946,313.7629,313.7629,313.763261,,,,Ar II,Ar,II,Ar II,,,live_nist
4,air,5H..01A,bulk,3,314.0,313.8323798558945,313.8,9.402863333333334e-05,9.43828971110658e-05,3,0.1017400000000066,313.90174,313.90174,313.901722,52000000.0,C,,Ar II,Ar,II,Ar II,,52000000.0,live_nist
5,air,5H..01A,bulk,3,309.0,309.4459127942259,309.4,4.4192533333333334e-05,4.4962524398582725e-05,1,0.05982000000000198,309.34018,309.34018,309.340173,440000000.0,D,,Ar II,Ar,II,Ar II,,440000000.0,live_nist
5,air,5H..01A,bulk,3,309.0,309.4459127942259,309.4,4.4192533333333334e-05,4.4962524398582725e-05,2,0.09654000000000451,309.49654,309.49654,309.496469,,,,Ar II,Ar,II,Ar II,,,live_nist
5,air,5H..01A,bulk,3,309.0,309.4459127942259,309.4,4.4192533333333334e-05,4.4962524398582725e-05,3,0.24639999999999418,309.1536,309.1536,309.1533,,,,O II,O,II,O II,,,live_nist
6,air,5H..01A,bulk,3,379.0,378.8916520567129,378.9,4.1267200000000004e-05,4.130436244164794e-05,1,0.22999999999996135,378.67,,378.67,970000.0,D,,O II,O,II,O II,,970000.0,live_nist
6,air,5H..01A,bulk,3,379.0,378.8916520567129,378.9,4.1267200000000004e-05,4.130436244164794e-05,2,0.26180999999996857,378.63819,378.63819,378.638198,1500000.0,B,,Ar II,Ar,II,Ar II,,1500000.0,live_nist
6,air,5H..01A,bulk,3,379.0,378.8916520567129,378.9,4.1267200000000004e-05,4.130436244164794e-05,3,0.4019999999999868,378.498,,378.498,5830000.0,D,,O II,O,II,O II,,5830000.0,live_nist
7,air,5H..01A,bulk,3,228.0,227.9345402495875,227.9,3.594263666666666e-05,3.6004278095287795e-05,1,0.22700000000000387,227.673,227.673,227.67213,,,,Ar II,Ar,II,Ar II,,,live_nist
7,air,5H..01A,bulk,3,228.0,227.9345402495875,227.9,3.594263666666666e-05,3.6004278095287795e-05,2,0.251199999999983,228.1512,228.1512,228.150772,,,,Ar II,Ar,II,Ar II,,,live_nist
7,air,5H..01A,bulk,3,228.0,227.9345402495875,227.9,3.594263666666666e-05,3.6004278095287795e-05,3,0.3620499999999822,228.26205,228.26205,228.262053,,,,Ar II,Ar,II,Ar II,,,live_nist
8,air,5H..01A,bulk,3,254.0,254.40918619783847,254.4,2.9590228666666666e-05,2.976444934037089e-05,1,0.06838999999999373,254.46839,254.46839,254.468375,,,,Ar II,Ar,II,Ar II,,,live_nist
8,air,5H..01A,bulk,3,254.0,254.40918619783847,254.4,2.9590228666666666e-05,2.976444934037089e-05,2,0.16468000000000416,254.56468,254.56468,254.564769,,,,Ar II,Ar,II,Ar II,,,live_nist
8,air,5H..01A,bulk,3,254.0,254.40918619783847,254.4,2.9590228666666666e-05,2.976444934037089e-05,3,0.24100000000001387,254.159,254.159,254.15942,,,,Ar II,Ar,II,Ar II,,,live_nist
9,air,5H..01A,bulk,3,241.0,241.24638042187266,241.2,2.5998258000000003e-05,2.6631383207305307e-05,1,0.012400000000013733,241.2124,241.2124,241.212675,,,,Ar II,Ar,II,Ar II,,,live_nist
9,air,5H..01A,bulk,3,241.0,241.24638042187266,241.2,2.5998258000000003e-05,2.6631383207305307e-05,2,0.03779999999997585,241.1622,241.1622,241.1597,20500000.0,C+,,O II,O,II,O II,,20500000.0,live_nist
9,air,5H..01A,bulk,3,241.0,241.24638042187266,241.2,2.5998258000000003e-05,2.6631383207305307e-05,3,0.03779999999997585,241.1622,241.1622,241.1644,11000000.0,D,,O II,O,II,O II,,11000000.0,live_nist
10,air,5H..01A,bulk,3,428.0,428.287764195821,428.3,2.53011e-05,2.5644899078852292e-05,1,0.0036000000000058208,428.2964,428.2964,428.2961,,,,O II,O,II,O II,,,live_nist
10,air,5H..01A,bulk,3,428.0,428.287764195821,428.3,2.53011e-05,2.5644899078852292e-05,2,0.01028999999999769,428.28971,428.28971,428.28972,13200000.0,B,,Ar II,Ar,II,Ar II,,13200000.0,live_nist
10,air,5H..01A,bulk,3,428.0,428.287764195821,428.3,2.53011e-05,2.5644899078852292e-05,3,0.024900000000002365,428.3249,428.3249,428.32512,,,,O II,O,II,O II,,,live_nist
1,air,5H..5A,bulk,4,201.0,200.97041368358757,201.0,0.00061051745,0.0006107337890288117,1,0.11410000000000764,201.1141,201.1141,201.113972,,,,Ar II,Ar,II,Ar II,,,live_nist
1,air,5H..5A,bulk,4,201.0,200.97041368358757,201.0,0.00061051745,0.0006107337890288117,2,0.2821999999999889,200.7178,200.7178,200.716909,,,,Ar II,Ar,II,Ar II,,,live_nist
1,air,5H..5A,bulk,4,201.0,200.97041368358757,201.0,0.00061051745,0.0006107337890288117,3,0.4310999999999865,201.4311,201.4311,201.43087,,,,Ar II,Ar,II,Ar II,,,live_nist
2,air,5H..5A,bulk,4,335.0,335.4510262513941,335.5,0.00017349375,0.0001765488326920996,1,0.04449019999998427,335.4555098,,335.4555098,1453700.0,AAA,,He I,He,I,He I,,1453700.0,live_nist
2,air,5H..5A,bulk,4,335.0,335.4510262513941,335.5,0.00017349375,0.0001765488326920996,2,0.3690000000000282,335.131,,335.131,,,,O II,O,II,O II,,,live_nist
2,air,5H..5A,bulk,4,335.0,335.4510262513941,335.5,0.00017349375,0.0001765488326920996,3,0.40762000000000853,335.09238,335.09238,335.092386,150000000.0,D,,Ar II,Ar,II,Ar II,,150000000.0,live_nist
3,air,5H..5A,bulk,4,215.0,214.62431647707942,214.6,0.00016205065,0.0001672504586384904,1,0.08254999999999768,214.68255,214.68255,214.682568,,,,Ar II,Ar,II,Ar II,,,live_nist
3,air,5H..5A,bulk,4,215.0,214.62431647707942,214.6,0.00016205065,0.0001672504586384904,2,0.16810000000000969,214.7681,214.7681,214.768231,,,,Ar II,Ar,II,Ar II,,,live_nist
3,air,5H..5A,bulk,4,215.0,214.62431647707942,214.6,0.00016205065,0.0001672504586384904,3,0.21160000000000423,214.3884,214.3884,214.3886,,,,Ar II,Ar,II,Ar II,,,live_nist
4,air,5H..5A,bulk,4,231.0,231.2013408768019,231.2,0.00012923094249999998,0.00013008135061735594,1,0.10770000000002256,231.3077,231.3077,231.3051,,,,O II,O,II,O II,,,live_nist
4,air,5H..5A,bulk,4,231.0,231.2013408768019,231.2,0.00012923094249999998,0.00013008135061735594,2,0.10770000000002256,231.3077,231.3077,231.3091,,,,O II,O,II,O II,,,live_nist
4,air,5H..5A,bulk,4,231.0,231.2013408768019,231.2,0.00012923094249999998,0.00013008135061735594,3,0.17191000000002532,231.37191,231.37191,231.371923,,,,Ar II,Ar,II,Ar II,,,live_nist
5,air,5H..5A,bulk,4,390.0,390.1363460192711,390.1,0.0001236,0.00012381584427013242,1,0.037490000000047985,390.06251,390.06251,390.062636,7200000.0,B,,Ar II,Ar,II,Ar II,,7200000.0,live_nist
5,air,5H..5A,bulk,4,390.0,390.1363460192711,390.1,0.0001236,0.00012381584427013242,2,0.08155000000004975,390.01845,,390.01845,414000.0,C,,N I,N,I,N I,,414000.0,live_nist
5,air,5H..5A,bulk,4,390.0,390.1363460192711,390.1,0.0001236,0.00012381584427013242,3,0.469600000000014,389.6304,389.6304,389.63032,162000.0,C,,O II,O,II,O II,,162000.0,live_nist
6,air,5H..5A,bulk,4,209.0,208.7944500649742,208.8,0.0001198653,0.00012169898039481238,1,0.028199999999998226,208.7718,208.7718,208.771598,,,,Ar II,Ar,II,Ar II,,,live_nist
6,air,5H..5A,bulk,4,209.0,208.7944500649742,208.8,0.0001198653,0.00012169898039481238,2,0.06569999999999254,208.8657,,208.8657,505000.0,C,,N II,N,II,N II,,505000.0,live_nist
6,air,5H..5A,bulk,4,209.0,208.7944500649742,208.8,0.0001198653,0.00012169898039481238,3,0.11840000000000828,208.6816,208.6816,208.681189,,,,Ar II,Ar,II,Ar II,,,live_nist
7,air,5H..5A,bulk,4,355.0,355.4797139938894,355.5,0.00011347075000000001,0.00011671798499424917,1,0.045934600000009596,355.4540654,,355.4540654,727720.0,AAA,,He I,He,I,He I,,727720.0,live_nist
7,air,5H..5A,bulk,4,355.0,355.4797139938894,355.5,0.00011347075000000001,0.00011671798499424917,2,0.0584999999999809,355.4415,355.4415,355.4415948,982350.0,AAA,,He I,He,I,He I,,982350.0,live_nist
7,air,5H..5A,bulk,4,355.0,355.4797139938894,355.5,0.00011347075000000001,0.00011671798499424917,3,0.0584999999999809,355.4415,355.4415,355.4415799,545790.0,AAA,,He I,He,I,He I,,545790.0,live_nist
8,air,5H..5A,bulk,4,314.0,313.799962393352,313.8,0.00011252197500000001,0.00011326148402613663,1,0.03350000000000364,313.8335,313.8335,313.8337,96400000.0,C,,O II,O,II,O II,,96400000.0,live_nist
8,air,5H..5A,bulk,4,314.0,313.799962393352,313.8,0.00011252197500000001,0.00011326148402613663,2,0.03710000000000946,313.7629,313.7629,313.763261,,,,Ar II,Ar,II,Ar II,,,live_nist
8,air,5H..5A,bulk,4,314.0,313.799962393352,313.8,0.00011252197500000001,0.00011326148402613663,3,0.1017400000000066,313.90174,313.90174,313.901722,52000000.0,C,,Ar II,Ar,II,Ar II,,52000000.0,live_nist
9,air,5H..5A,bulk,4,222.0,222.0899580032664,222.1,0.00011128263750000001,0.00011165008704433463,1,0.03517999999999688,222.13518,222.13518,222.135203,,,,Ar II,Ar,II,Ar II,,,live_nist
9,air,5H..5A,bulk,4,222.0,222.0899580032664,222.1,0.00011128263750000001,0.00011165008704433463,2,0.06493000000000393,222.03507,222.03507,222.035079,,,,Ar II,Ar,II,Ar II,,,live_nist
9,air,5H..5A,bulk,4,222.0,222.0899580032664,222.1,0.00011128263750000001,0.00011165008704433463,3,0.10375999999999408,221.99624,221.99624,221.996243,,,,Ar II,Ar,II,Ar II,,,live_nist
10,air,5H..5A,bulk,4,309.0,309.0187028033332,309.0,5.6952624999999996e-05,5.695508640581117e-05,1,0.037599999999997635,309.0376,309.0376,309.0386,,,,O II,O,II,O II,,,live_nist
10,air,5H..5A,bulk,4,309.0,309.0187028033332,309.0,5.6952624999999996e-05,5.695508640581117e-05,2,0.10899999999998045,308.891,308.891,308.891368,,,,Ar II,Ar,II,Ar II,,,live_nist
10,air,5H..5A,bulk,4,309.0,309.0187028033332,309.0,5.6952624999999996e-05,5.695508640581117e-05,3,0.15359999999998308,309.1536,309.1536,309.1533,,,,O II,O,II,O II,,,live_nist
1,air,5H..9A,bulk,4,201.0,201.34981714500935,201.3,0.00030841464999999997,0.0003192908913779864,1,0.13109999999997513,201.4311,201.4311,201.43087,,,,Ar II,Ar,II,Ar II,,,live_nist
1,air,5H..9A,bulk,4,201.0,201.34981714500935,201.3,0.00030841464999999997,0.0003192908913779864,2,0.18590000000000373,201.1141,201.1141,201.113972,,,,Ar II,Ar,II,Ar II,,,live_nist
1,air,5H..9A,bulk,4,201.0,201.34981714500935,201.3,0.00030841464999999997,0.0003192908913779864,3,0.23170999999999253,201.53171,201.53171,201.531681,,,,Ar II,Ar,II,Ar II,,,live_nist
2,air,5H..9A,bulk,4,335.0,335.4155236076207,335.4,0.0002852455,0.00028985726666985484,1,0.05550980000003847,335.4555098,,335.4555098,1453700.0,AAA,,He I,He,I,He I,,1453700.0,live_nist
2,air,5H..9A,bulk,4,335.0,335.4155236076207,335.4,0.0002852455,0.00028985726666985484,2,0.26900000000000546,335.131,,335.131,,,,O II,O,II,O II,,,live_nist
2,air,5H..9A,bulk,4,335.0,335.4155236076207,335.4,0.0002852455,0.00028985726666985484,3,0.3076199999999858,335.09238,335.09238,335.092386,150000000.0,D,,Ar II,Ar,II,Ar II,,150000000.0,live_nist
3,air,5H..9A,bulk,4,356.0,355.85628756208894,355.9,0.000172024,0.00017230622428197523,1,0.05079000000000633,355.95079,355.95079,355.95078,288000000.0,B,,Ar II,Ar,II,Ar II,,288000000.0,live_nist
3,air,5H..9A,bulk,4,356.0,355.85628756208894,355.9,0.000172024,0.00017230622428197523,2,0.20303000000001248,356.10303,356.10303,356.103016,400000000.0,D,,Ar II,Ar,II,Ar II,,400000000.0,live_nist
3,air,5H..9A,bulk,4,356.0,355.85628756208894,355.9,0.000172024,0.00017230622428197523,3,0.2096199999999726,355.69038,355.69038,355.690383,5000000.0,B,,Ar II,Ar,II,Ar II,,5000000.0,live_nist
4,air,5H..9A,bulk,4,314.0,313.83756821679293,313.8,0.0001597885,0.00016025612689107212,1,0.03350000000000364,313.8335,313.8335,313.8337,96400000.0,C,,O II,O,II,O II,,96400000.0,live_nist
4,air,5H..9A,bulk,4,314.0,313.83756821679293,313.8,0.0001597885,0.00016025612689107212,2,0.03710000000000946,313.7629,313.7629,313.763261,,,,Ar II,Ar,II,Ar II,,,live_nist
4,air,5H..9A,bulk,4,314.0,313.83756821679293,313.8,0.0001597885,0.00016025612689107212,3,0.1017400000000066,313.90174,313.90174,313.901722,52000000.0,C,,Ar II,Ar,II,Ar II,,52000000.0,live_nist
5,air,5H..9A,bulk,4,208.0,207.78081383374243,207.8,0.000157825675,0.00015834933979335636,1,0.10529999999999973,207.6947,,207.6947,5310000.0,C+,,N II,N,II,N II,,5310000.0,live_nist
5,air,5H..9A,bulk,4,208.0,207.78081383374243,207.8,0.000157825675,0.00015834933979335636,2,0.165300000000002,207.9653,207.9653,207.965303,,,,Ar II,Ar,II,Ar II,,,live_nist
5,air,5H..9A,bulk,4,208.0,207.78081383374243,207.8,0.000157825675,0.00015834933979335636,3,0.1816000000000031,207.6184,207.6184,207.618356,,,,Ar II,Ar,II,Ar II,,,live_nist
6,air,5H..9A,bulk,4,390.0,390.1042807005015,390.1,0.000106595375,0.00010670196160749129,1,0.037490000000047985,390.06251,390.06251,390.062636,7200000.0,B,,Ar II,Ar,II,Ar II,,7200000.0,live_nist
6,air,5H..9A,bulk,4,390.0,390.1042807005015,390.1,0.000106595375,0.00010670196160749129,2,0.08155000000004975,390.01845,,390.01845,414000.0,C,,N I,N,I,N I,,414000.0,live_nist
6,air,5H..9A,bulk,4,390.0,390.1042807005015,390.1,0.000106595375,0.00010670196160749129,3,0.469600000000014,389.6304,389.6304,389.63032,162000.0,C,,O II,O,II,O II,,162000.0,live_nist
7,air,5H..9A,bulk,4,379.0,378.69356232396046,378.7,7.6314275e-05,7.680602703015349e-05,1,0.029999999999972715,378.67,,378.67,970000.0,D,,O II,O,II,O II,,970000.0,live_nist
7,air,5H..9A,bulk,4,379.0,378.69356232396046,378.7,7.6314275e-05,7.680602703015349e-05,2,0.06180999999997994,378.63819,378.63819,378.638198,1500000.0,B,,Ar II,Ar,II,Ar II,,1500000.0,live_nist
7,air,5H..9A,bulk,4,379.0,378.69356232396046,378.7,7.6314275e-05,7.680602703015349e-05,3,0.20199999999999818,378.498,,378.498,5830000.0,D,,O II,O,II,O II,,5830000.0,live_nist
8,air,5H..9A,bulk,4,228.0,227.91853636281766,227.9,5.7998835e-05,5.8159570546121067e-05,1,0.22700000000000387,227.673,227.673,227.67213,,,,Ar II,Ar,II,Ar II,,,live_nist
8,air,5H..9A,bulk,4,228.0,227.91853636281766,227.9,5.7998835e-05,5.8159570546121067e-05,2,0.251199999999983,228.1512,228.1512,228.150772,,,,Ar II,Ar,II,Ar II,,,live_nist
8,air,5H..9A,bulk,4,228.0,227.91853636281766,227.9,5.7998835e-05,5.8159570546121067e-05,3,0.3620499999999822,228.26205,228.26205,228.262053,,,,Ar II,Ar,II,Ar II,,,live_nist
9,air,5H..9A,bulk,4,236.0,235.54936384885008,235.5,5.2446906e-05,5.614791283232396e-05,1,0.020700000000005048,235.4793,235.4793,235.47902,,,,Ar II,Ar,II,Ar II,,,live_nist
9,air,5H..9A,bulk,4,236.0,235.54936384885008,235.5,5.2446906e-05,5.614791283232396e-05,2,0.07900000000000773,235.579,,235.579,1050000.0,D,,O II,O,II,O II,,1050000.0,live_nist
9,air,5H..9A,bulk,4,236.0,235.54936384885008,235.5,5.2446906e-05,5.614791283232396e-05,3,0.08684999999999832,235.41315,235.41315,235.41315,,,,Ar II,Ar,II,Ar II,,,live_nist
10,air,5H..9A,bulk,4,374.0,374.32148550646735,374.3,4.226015e-05,4.2680743460257975e-05,1,0.01490000000001146,374.2851,374.2851,374.2857,,,,C I,C,I,C I,,,live_nist
10,air,5H..9A,bulk,4,374.0,374.32148550646735,374.3,4.226015e-05,4.2680743460257975e-05,2,0.12739999999996598,374.4274,374.4274,374.427089,,,,Ar II,Ar,II,Ar II,,,live_nist
10,air,5H..9A,bulk,4,374.0,374.32148550646735,374.3,4.226015e-05,4.2680743460257975e-05,3,0.12860000000000582,374.4286,,374.4286,67600.0,C,,O II,O,II,O II,,67600.0,live_nist
1,diameter,0.5mm,Base,1,335.0,335.43243243243245,335.4,0.000105,0.00010776756756756757,1,0.05550980000003847,335.4555098,,335.4555098,1453700.0,AAA,,He I,He,I,He I,,1453700.0,live_nist
1,diameter,0.5mm,Base,1,335.0,335.43243243243245,335.4,0.000105,0.00010776756756756757,2,0.26900000000000546,335.131,,335.131,,,,O II,O,II,O II,,,live_nist
1,diameter,0.5mm,Base,1,335.0,335.43243243243245,335.4,0.000105,0.00010776756756756757,3,0.3076199999999858,335.09238,335.09238,335.092386,150000000.0,D,,Ar II,Ar,II,Ar II,,150000000.0,live_nist
2,diameter,0.5mm,Base,1,390.0,390.314606741573,390.3,9.37e-05,9.45808988764045e-05,1,0.23749000000003662,390.06251,390.06251,390.062636,7200000.0,B,,Ar II,Ar,II,Ar II,,7200000.0,live_nist
2,diameter,0.5mm,Base,1,390.0,390.314606741573,390.3,9.37e-05,9.45808988764045e-05,2,0.2815500000000384,390.01845,,390.01845,414000.0,C,,N I,N,I,N I,,414000.0,live_nist
2,diameter,0.5mm,Base,1,390.0,390.314606741573,390.3,9.37e-05,9.45808988764045e-05,3,0.3949999999999818,390.695,390.695,390.693849,,,,Ar II,Ar,II,Ar II,,,live_nist
3,diameter,0.5mm,Base,1,312.0,312.2752442996743,312.3,9.15e-05,9.266290716612378e-05,1,0.04790000000002692,312.2521,312.2521,312.2524,28000000.0,C,,O II,O,II,O II,,28000000.0,live_nist
3,diameter,0.5mm,Base,1,312.0,312.2752442996743,312.3,9.15e-05,9.266290716612378e-05,2,0.09210000000001628,312.3921,312.3921,312.391,7760000.0,C,,O II,O,II,O II,,7760000.0,live_nist
3,diameter,0.5mm,Base,1,312.0,312.2752442996743,312.3,9.15e-05,9.266290716612378e-05,3,0.1268000000000029,312.4268,312.4268,312.427803,,,,Ar II,Ar,II,Ar II,,,live_nist
4,diameter,0.5mm,Base,1,355.0,355.3758620689655,355.4,3.8e-05,3.902422413793104e-05,1,0.030600000000049477,355.4306,355.4306,355.43055,270000.0,D,,Ar I,Ar,I,Ar I,,270000.0,live_nist
4,diameter,0.5mm,Base,1,355.0,355.3758620689655,355.4,3.8e-05,3.902422413793104e-05,2,0.04150000000004184,355.4415,355.4415,355.4415948,982350.0,AAA,,He I,He,I,He I,,982350.0,live_nist
4,diameter,0.5mm,Base,1,355.0,355.3758620689655,355.4,3.8e-05,3.902422413793104e-05,3,0.04150000000004184,355.4415,355.4415,355.4415799,545790.0,AAA,,He I,He,I,He I,,545790.0,live_nist
5,diameter,0.5mm,Base,1,305.0,305.180412371134,305.2,2.19e-05,2.2057860824742267e-05,1,0.11509999999998399,305.3151,305.3151,305.315013,,,,Ar II,Ar,II,Ar II,,,live_nist
5,diameter,0.5mm,Base,1,305.0,305.180412371134,305.2,2.19e-05,2.2057860824742267e-05,2,0.195699999999988,305.0043,305.0043,305.004111,,,,Ar II,Ar,II,Ar II,,,live_nist
5,diameter,0.5mm,Base,1,305.0,305.180412371134,305.2,2.19e-05,2.2057860824742267e-05,3,0.32159999999998945,304.8784,304.8784,304.878841,,,,Ar II,Ar,II,Ar II,,,live_nist
6,diameter,0.5mm,Base,1,428.0,427.72330097087377,427.7,1.96e-05,1.9994296116504854e-05,1,0.025199999999983902,427.6748,427.6748,427.67489,,,,O II,O,II,O II,,,live_nist
6,diameter,0.5mm,Base,1,428.0,427.72330097087377,427.7,1.96e-05,1.9994296116504854e-05,2,0.038000000000010914,427.662,,427.662,,,,O II,O,II,O II,,,live_nist
6,diameter,0.5mm,Base,1,428.0,427.72330097087377,427.7,1.96e-05,1.9994296116504854e-05,3,0.04270000000002483,427.7427,427.7427,427.7426,,,,O II,O,II,O II,,,live_nist
7,diameter,0.5mm,Base,1,379.0,379.08550724637684,379.1,1.25e-05,1.252522463768116e-05,1,0.2225999999999999,379.3226,379.3226,379.322798,,,,Ar II,Ar,II,Ar II,,,live_nist
7,diameter,0.5mm,Base,1,379.0,379.08550724637684,379.1,1.25e-05,1.252522463768116e-05,2,0.2677999999999656,379.3678,379.3678,379.3678,,,,C I,C,I,C I,,,live_nist
7,diameter,0.5mm,Base,1,379.0,379.08550724637684,379.1,1.25e-05,1.252522463768116e-05,3,0.33609999999998763,379.4361,379.4361,379.4359,6860000.0,C,,O II,O,II,O II,,6860000.0,live_nist
8,diameter,0.5mm,Base,1,320.0,320.12015503875966,320.1,4.29e-06,4.308624031007751e-06,1,0.03120000000001255,320.0688,320.0688,320.0683,,,,O II,O,II,O II,,,live_nist
8,diameter,0.5mm,Base,1,320.0,320.12015503875966,320.1,4.29e-06,4.308624031007751e-06,2,0.06300000000004502,320.037,320.037,,,,,Ar I,Ar,I,Ar I,,,live_nist
8,diameter,0.5mm,Base,1,320.0,320.12015503875966,320.1,4.29e-06,4.308624031007751e-06,3,0.19469209999999748,320.2946921,,320.2946921,45253000.0,AA,,He II,He,II,He II,,45253000.0,live_nist
9,diameter,0.5mm,Base,1,464.0,464.1011904761905,464.1,2.63e-06,2.6386011904761904e-06,1,0.08103999999997313,464.18104,464.18104,464.18103,58500000.0,B,,O II,O,II,O II,,58500000.0,live_nist
9,diameter,0.5mm,Base,1,464.0,464.1011904761905,464.1,2.63e-06,2.6386011904761904e-06,2,0.11369999999999436,464.2137,,464.2137,96000.0,E,,Ar I,Ar,I,Ar I,,96000.0,live_nist
9,diameter,0.5mm,Base,1,464.0,464.1011904761905,464.1,2.63e-06,2.6386011904761904e-06,3,0.20799999999997,464.308,464.308,464.3086,43900000.0,B+,,N II,N,II,N II,,43900000.0,live_nist
10,diameter,0.5mm,Base,1,374.0,373.75850340136054,373.8,2.09e-06,2.1328656462585035e-06,1,0.011110000000030595,373.78889,373.78889,373.78889,230000000.0,D,,Ar II,Ar,II,Ar II,,230000000.0,live_nist
10,diameter,0.5mm,Base,1,374.0,373.75850340136054,373.8,2.09e-06,2.1328656462585035e-06,2,0.03370000000001028,373.8337,,373.8337,167000.0,D,,O II,O,II,O II,,167000.0,live_nist
10,diameter,0.5mm,Base,1,374.0,373.75850340136054,373.8,2.09e-06,2.1328656462585035e-06,3,0.04599999999999227,373.846,,373.846,2150000.0,D,,O II,O,II,O II,,2150000.0,live_nist
1,diameter,0.5mm,Middle,1,390.0,390.40625,390.4,0.000194,0.000196640625,1,0.2950000000000159,390.695,390.695,390.693849,,,,Ar II,Ar,II,Ar II,,,live_nist
1,diameter,0.5mm,Middle,1,390.0,390.40625,390.4,0.000194,0.000196640625,2,0.3374900000000025,390.06251,390.06251,390.062636,7200000.0,B,,Ar II,Ar,II,Ar II,,7200000.0,live_nist
1,diameter,0.5mm,Middle,1,390.0,390.40625,390.4,0.000194,0.000196640625,3,0.34550000000001546,390.7455,390.7455,390.74549,8640000.0,C,,O II,O,II,O II,,8640000.0,live_nist
2,diameter,0.5mm,Middle,1,336.0,335.6818181818182,335.7,0.000184,0.00018567045454545456,1,0.2444901999999729,335.4555098,,335.4555098,1453700.0,AAA,,He I,He,I,He I,,1453700.0,live_nist
2,diameter,0.5mm,Middle,1,336.0,335.6818181818182,335.7,0.000184,0.00018567045454545456,2,0.31049999999999045,336.0105,336.0105,336.0083,,,,O II,O,II,O II,,,live_nist
2,diameter,0.5mm,Middle,1,336.0,335.6818181818182,335.7,0.000184,0.00018567045454545456,3,0.32789999999999964,336.0279,336.0279,336.0281,,,,O II,O,II,O II,,,live_nist
3,diameter,0.5mm,Middle,1,314.0,314.01428571428573,314.0,0.000136,0.00013600357142857142,1,0.031999999999982265,313.968,313.968,313.9678,76400000.0,C,,O II,O,II,O II,,76400000.0,live_nist
3,diameter,0.5mm,Middle,1,314.0,314.01428571428573,314.0,0.000136,0.00013600357142857142,2,0.0736400000000117,313.92636,313.92636,313.926372,,,,Ar II,Ar,II,Ar II,,,live_nist
3,diameter,0.5mm,Middle,1,314.0,314.01428571428573,314.0,0.000136,0.00013600357142857142,3,0.09629999999998518,314.0963,314.0963,314.097313,,,,Ar II,Ar,II,Ar II,,,live_nist
4,diameter,0.5mm,Middle,1,356.0,355.5875,355.6,0.000101,0.00010236125,1,0.09037999999998192,355.69038,355.69038,355.690383,5000000.0,B,,Ar II,Ar,II,Ar II,,5000000.0,live_nist
4,diameter,0.5mm,Middle,1,356.0,355.5875,355.6,0.000101,0.00010236125,2,0.14593460000003233,355.4540654,,355.4540654,727720.0,AAA,,He I,He,I,He I,,727720.0,live_nist
4,diameter,0.5mm,Middle,1,356.0,355.5875,355.6,0.000101,0.00010236125,3,0.15850000000000364,355.4415,355.4415,355.4415948,982350.0,AAA,,He I,He,I,He I,,982350.0,live_nist
5,diameter,0.5mm,Middle,1,428.0,428.1551724137931,428.2,5.51e-05,5.527456896551724e-05,1,0.0020999999999844476,428.2021,,428.2021,,,,O II,O,II,O II,,,live_nist
5,diameter,0.5mm,Middle,1,428.0,428.1551724137931,428.2,5.51e-05,5.527456896551724e-05,2,0.06819999999999027,428.1318,428.1318,428.13134,,,,O II,O,II,O II,,,live_nist
5,diameter,0.5mm,Middle,1,428.0,428.1551724137931,428.2,5.51e-05,5.527456896551724e-05,3,0.08971000000002505,428.28971,428.28971,428.28972,13200000.0,B,,Ar II,Ar,II,Ar II,,13200000.0,live_nist
6,diameter,0.5mm,Middle,1,379.0,379.3695652173913,379.4,4.5e-05,4.5785326086956526e-05,1,0.032199999999988904,379.3678,379.3678,379.3678,,,,C I,C,I,C I,,,live_nist
6,diameter,0.5mm,Middle,1,379.0,379.3695652173913,379.4,4.5e-05,4.5785326086956526e-05,2,0.036100000000033106,379.4361,379.4361,379.4359,6860000.0,C,,O II,O,II,O II,,6860000.0,live_nist
6,diameter,0.5mm,Middle,1,379.0,379.3695652173913,379.4,4.5e-05,4.5785326086956526e-05,3,0.07739999999995462,379.3226,379.3226,379.322798,,,,Ar II,Ar,II,Ar II,,,live_nist
7,diameter,0.5mm,Middle,1,306.0,306.09375,306.1,2.12e-05,2.1228125e-05,1,0.009410000000002583,306.09059,306.09059,306.090557,,,,Ar II,Ar,II,Ar II,,,live_nist
7,diameter,0.5mm,Middle,1,306.0,306.09375,306.1,2.12e-05,2.1228125e-05,2,0.1642999999999688,306.2643,306.2643,306.2643,,,,Ar II,Ar,II,Ar II,,,live_nist
7,diameter,0.5mm,Middle,1,306.0,306.09375,306.1,2.12e-05,2.1228125e-05,3,0.17070000000001073,305.9293,305.9293,305.9284,,,,O II,O,II,O II,,,live_nist
8,diameter,0.5mm,Middle,1,473.0,473.4335232668566,473.4,1.39e-05,1.488951685660019e-05,1,0.0262000000000171,473.4262,473.4262,473.426281,260000.0,C,,C I,C,I,C I,,260000.0,live_nist
8,diameter,0.5mm,Middle,1,473.0,473.4335232668566,473.4,1.39e-05,1.488951685660019e-05,2,0.09196700000001101,473.491967,,473.491967,3100.0,D,,C I,C,I,C I,,3100.0,live_nist
8,diameter,0.5mm,Middle,1,473.0,473.4335232668566,473.4,1.39e-05,1.488951685660019e-05,3,0.11650000000003047,473.5165,473.5165,473.516514,46000.0,C,,C I,C,I,C I,,46000.0,live_nist
9,diameter,0.5mm,Middle,1,398.0,398.44459833795014,398.4,1.2e-05,1.2713580332409972e-05,1,0.12859999999994898,398.2714,398.2714,398.27141,41600000.0,B,,O II,O,II,O II,,41600000.0,live_nist
9,diameter,0.5mm,Middle,1,398.0,398.44459833795014,398.4,1.2e-05,1.2713580332409972e-05,2,0.1418000000000461,398.5418,398.5418,398.541,668000.0,C,,O II,O,II,O II,,668000.0,live_nist
9,diameter,0.5mm,Middle,1,398.0,398.44459833795014,398.4,1.2e-05,1.2713580332409972e-05,3,0.287900000000036,398.6879,398.6879,398.688,,,,C I,C,I,C I,,,live_nist
10,diameter,0.5mm,Middle,1,373.0,373.32608695652175,373.3,9.78e-06,9.792228260869565e-06,1,0.0011837000000127773,373.3011837,,373.3011837,165500.0,AAA,,He I,He,I,He I,,165500.0,live_nist
10,diameter,0.5mm,Middle,1,373.0,373.32608695652175,373.3,9.78e-06,9.792228260869565e-06,2,0.012586999999996351,373.287413,,373.287413,496500.0,AAA,,He I,He,I,He I,,496500.0,live_nist
10,diameter,0.5mm,Middle,1,373.0,373.32608695652175,373.3,9.78e-06,9.792228260869565e-06,3,0.013652299999989737,373.2863477,,373.2863477,827500.0,AAA,,He I,He,I,He I,,827500.0,live_nist
1,diameter,0.5mm,Tip,1,390.0,390.2894736842105,390.3,4.53e-05,4.577763157894737e-05,1,0.23749000000003662,390.06251,390.06251,390.062636,7200000.0,B,,Ar II,Ar,II,Ar II,,7200000.0,live_nist
1,diameter,0.5mm,Tip,1,390.0,390.2894736842105,390.3,4.53e-05,4.577763157894737e-05,2,0.2815500000000384,390.01845,,390.01845,414000.0,C,,N I,N,I,N I,,414000.0,live_nist
1,diameter,0.5mm,Tip,1,390.0,390.2894736842105,390.3,4.53e-05,4.577763157894737e-05,3,0.3949999999999818,390.695,390.695,390.693849,,,,Ar II,Ar,II,Ar II,,,live_nist
2,diameter,0.5mm,Tip,1,334.0,334.28195488721803,334.3,4.05e-05,4.102866541353384e-05,1,0.12540000000001328,334.1746,334.1746,334.174042,,,,Ar II,Ar,II,Ar II,,,live_nist
2,diameter,0.5mm,Tip,1,334.0,334.28195488721803,334.3,4.05e-05,4.102866541353384e-05,2,0.1493000000000393,334.1507,334.1507,334.15023,,,,Ar II,Ar,II,Ar II,,,live_nist
2,diameter,0.5mm,Tip,1,334.0,334.28195488721803,334.3,4.05e-05,4.102866541353384e-05,3,0.4177500000000123,333.88225,333.88225,333.882317,,,,Ar II,Ar,II,Ar II,,,live_nist
3,diameter,0.5mm,Tip,1,314.0,314.32142857142856,314.3,2.71e-05,2.8112500000000002e-05,1,0.08909999999997353,314.3891,314.3891,314.389502,,,,Ar II,Ar,II,Ar II,,,live_nist
3,diameter,0.5mm,Tip,1,314.0,314.32142857142856,314.3,2.71e-05,2.8112500000000002e-05,2,0.2037000000000262,314.0963,314.0963,314.097313,,,,Ar II,Ar,II,Ar II,,,live_nist
3,diameter,0.5mm,Tip,1,314.0,314.32142857142856,314.3,2.71e-05,2.8112500000000002e-05,3,0.2899999999999636,314.59,314.59,314.590397,,,,Ar II,Ar,II,Ar II,,,live_nist
4,diameter,0.5mm,Tip,1,355.0,355.3125,355.3,1.58e-05,1.6112500000000002e-05,1,0.13060000000001537,355.4306,355.4306,355.43055,270000.0,D,,Ar I,Ar,I,Ar I,,270000.0,live_nist
4,diameter,0.5mm,Tip,1,355.0,355.3125,355.3,1.58e-05,1.6112500000000002e-05,2,0.14150000000000773,355.4415,355.4415,355.4415948,982350.0,AAA,,He I,He,I,He I,,982350.0,live_nist
4,diameter,0.5mm,Tip,1,355.0,355.3125,355.3,1.58e-05,1.6112500000000002e-05,3,0.14150000000000773,355.4415,355.4415,355.4415799,545790.0,AAA,,He I,He,I,He I,,545790.0,live_nist
5,diameter,0.5mm,Tip,1,427.0,427.3985148514852,427.4,5.3e-06,5.620804455445545e-06,1,0.02400000000000091,427.424,427.424,427.4243,,,,O II,O,II,O II,,,live_nist
5,diameter,0.5mm,Tip,1,427.0,427.3985148514852,427.4,5.3e-06,5.620804455445545e-06,2,0.07200000000000273,427.328,,427.328,828000.0,C+,,N I,N,I,N I,,828000.0,live_nist
5,diameter,0.5mm,Tip,1,427.0,427.3985148514852,427.4,5.3e-06,5.620804455445545e-06,3,0.08959999999996171,427.3104,427.3104,427.3101,,,,O II,O,II,O II,,,live_nist
6,diameter,0.5mm,Tip,1,329.0,329.0549048316252,329.1,1.21e-06,1.2120589311859445e-06,1,0.04404999999997017,329.14405,329.14405,329.144028,,,,Ar II,Ar,II,Ar II,,,live_nist
6,diameter,0.5mm,Tip,1,329.0,329.0549048316252,329.1,1.21e-06,1.2120589311859445e-06,2,0.10190000000000055,328.9981,328.9981,328.9982,,,,O II,O,II,O II,,,live_nist
6,diameter,0.5mm,Tip,1,329.0,329.0549048316252,329.1,1.21e-06,1.2120589311859445e-06,3,0.2640199999999595,329.36402,329.36402,329.364009,170000000.0,D,,Ar II,Ar,II,Ar II,,170000000.0,live_nist
7,diameter,0.5mm,Tip,1,310.0,309.8950892857143,309.9,1.06e-06,1.0649308035714285e-06,1,0.09250000000002956,309.9925,309.9925,309.992564,,,,Ar II,Ar,II,Ar II,,,live_nist
7,diameter,0.5mm,Tip,1,310.0,309.8950892857143,309.9,1.06e-06,1.0649308035714285e-06,2,0.15229999999996835,309.7477,309.7477,309.7471,,,,O II,O,II,O II,,,live_nist
7,diameter,0.5mm,Tip,1,310.0,309.8950892857143,309.9,1.06e-06,1.0649308035714285e-06,3,0.2004000000000019,310.1004,310.1004,310.100855,,,,Ar II,Ar,II,Ar II,,,live_nist
8,diameter,0.5mm,Tip,1,384.0,384.1783088235294,384.2,8.13e-07,8.216479779411765e-07,1,0.01870000000002392,384.2187,,384.2187,30600000.0,B,,N II,N,II,N II,,30600000.0,live_nist
8,diameter,0.5mm,Tip,1,384.0,384.1783088235294,384.2,8.13e-07,8.216479779411765e-07,2,0.044899999999984175,384.2449,,384.2449,80500.0,C,,N II,N,II,N II,,80500.0,live_nist
8,diameter,0.5mm,Tip,1,384.0,384.1783088235294,384.2,8.13e-07,8.216479779411765e-07,3,0.048139999999989413,384.15186,384.15186,384.151838,26900000.0,B,,Ar II,Ar,II,Ar II,,26900000.0,live_nist
9,diameter,0.5mm,Tip,1,260.0,259.96153846153845,260.0,5.23e-07,5.230096153846154e-07,1,0.09559999999999036,260.0956,260.0956,260.095957,,,,Ar II,Ar,II,Ar II,,,live_nist
10,diameter,0.5mm,Tip,1,350.0,350.0614973262032,350.1,4.92e-07,4.930608288770054e-07,1,0.06689999999997553,350.1669,350.1669,350.1668,,,,O II,O,II,O II,,,live_nist
10,diameter,0.5mm,Tip,1,350.0,350.0614973262032,350.1,4.92e-07,4.930608288770054e-07,2,0.10430000000002337,349.9957,349.9957,349.996731,,,,Ar II,Ar,II,Ar II,,,live_nist
10,diameter,0.5mm,Tip,1,350.0,350.0614973262032,350.1,4.92e-07,4.930608288770054e-07,3,0.1524100000000317,349.94759,349.94759,349.94759,300000.0,C+,,Ar II,Ar,II,Ar II,,300000.0,live_nist
1,diameter,1mm,0.5 cm below,1,335.0,335.26630434782606,335.3,2.94e-05,3.0052445652173912e-05,1,0.15550980000000436,335.4555098,,335.4555098,1453700.0,AAA,,He I,He,I,He I,,1453700.0,live_nist
1,diameter,1mm,0.5 cm below,1,335.0,335.26630434782606,335.3,2.94e-05,3.0052445652173912e-05,2,0.16900000000003956,335.131,,335.131,,,,O II,O,II,O II,,,live_nist
1,diameter,1mm,0.5 cm below,1,335.0,335.26630434782606,335.3,2.94e-05,3.0052445652173912e-05,3,0.2076200000000199,335.09238,335.09238,335.092386,150000000.0,D,,Ar II,Ar,II,Ar II,,150000000.0,live_nist
2,diameter,1mm,0.5 cm below,1,391.0,391.2959183673469,391.3,1.12e-05,1.1285816326530612e-05,1,0.08920000000000528,391.3892,,391.3892,24200000.0,C+,,N II,N,II,N II,,24200000.0,live_nist
2,diameter,1mm,0.5 cm below,1,391.0,391.2959183673469,391.3,1.12e-05,1.1285816326530612e-05,2,0.08930000000003702,391.2107,391.2107,391.2117,14100000.0,B,,O II,O,II,O II,,14100000.0,live_nist
2,diameter,1mm,0.5 cm below,1,391.0,391.2959183673469,391.3,1.12e-05,1.1285816326530612e-05,3,0.10430000000002337,391.1957,391.1957,391.1958,109000000.0,B+,,O II,O,II,O II,,109000000.0,live_nist
3,diameter,1mm,0.5 cm below,1,356.0,356.43954050785976,356.4,1.1e-05,1.1798864873035066e-05,1,0.03333000000003494,356.43333,356.43333,356.433292,,,,Ar II,Ar,II,Ar II,,,live_nist
3,diameter,1mm,0.5 cm below,1,356.0,356.43954050785976,356.4,1.1e-05,1.1798864873035066e-05,2,0.07140999999995756,356.32859,,356.32859,120000.0,D,,Ar I,Ar,I,Ar I,,120000.0,live_nist
3,diameter,1mm,0.5 cm below,1,356.0,356.43954050785976,356.4,1.1e-05,1.1798864873035066e-05,3,0.08957629999997607,356.3104237,,356.3104237,53735.0,AAA,,He I,He,I,He I,,53735.0,live_nist
4,diameter,1mm,0.5 cm below,1,380.0,380.11423220973785,380.1,6.91e-06,6.927420411985018e-06,1,0.10319999999995844,380.2032,380.2032,380.2025,,,,O II,O,II,O II,,,live_nist
4,diameter,1mm,0.5 cm below,1,380.0,380.11423220973785,380.1,6.91e-06,6.927420411985018e-06,2,0.16189000000002807,379.93811,379.93811,379.938187,17000000.0,C,,Ar II,Ar,II,Ar II,,17000000.0,live_nist
4,diameter,1mm,0.5 cm below,1,380.0,380.11423220973785,380.1,6.91e-06,6.927420411985018e-06,3,0.19849999999996726,380.2985,380.2985,380.2984,34100000.0,C,,O II,O,II,O II,,34100000.0,live_nist
5,diameter,1mm,0.5 cm below,1,314.0,314.20344827586206,314.2,3.61e-06,3.6700172413793104e-06,1,0.10370000000000346,314.0963,314.0963,314.097313,,,,Ar II,Ar,II,Ar II,,,live_nist
5,diameter,1mm,0.5 cm below,1,314.0,314.20344827586206,314.2,3.61e-06,3.6700172413793104e-06,2,0.18909999999999627,314.3891,314.3891,314.389502,,,,Ar II,Ar,II,Ar II,,,live_nist
5,diameter,1mm,0.5 cm below,1,314.0,314.20344827586206,314.2,3.61e-06,3.6700172413793104e-06,3,0.2319999999999709,313.968,313.968,313.9678,76400000.0,C,,O II,O,II,O II,,76400000.0,live_nist
6,diameter,1mm,0.5 cm below,1,340.0,339.6334106728538,339.6,1.72e-06,1.8358422273781903e-06,1,0.10019999999997253,339.7002,339.7002,339.700197,,,,Ar II,Ar,II,Ar II,,,live_nist
6,diameter,1mm,0.5 cm below,1,340.0,339.6334106728538,339.6,1.72e-06,1.8358422273781903e-06,2,0.16079999999999472,339.7608,339.7608,339.761093,,,,Ar II,Ar,II,Ar II,,,live_nist
6,diameter,1mm,0.5 cm below,1,340.0,339.6334106728538,339.6,1.72e-06,1.8358422273781903e-06,3,0.1895399999999654,339.78954,339.78954,339.789536,2700000.0,D,,Ar II,Ar,II,Ar II,,2700000.0,live_nist
7,diameter,1mm,0.5 cm below,1,404.0,404.3838174273859,404.4,1.61e-06,1.6987577800829875e-06,1,0.041800000000023374,404.4418,404.4418,404.441804,330000.0,B,,Ar I,Ar,I,Ar I,,330000.0,live_nist
7,diameter,1mm,0.5 cm below,1,404.0,404.3838174273859,404.4,1.61e-06,1.6987577800829875e-06,2,0.04699999999996862,404.353,404.353,,,,,N II,N,II,N II,,,live_nist
7,diameter,1mm,0.5 cm below,1,404.0,404.3838174273859,404.4,1.61e-06,1.6987577800829875e-06,3,0.09420000000000073,404.4942,404.4942,404.49476,,,,O II,O,II,O II,,,live_nist
8,diameter,1mm,0.5 cm below,1,352.0,352.0364583333333,352.0,5.34e-07,5.343828125e-07,1,0.0006700000000137152,351.99933,351.99933,351.999331,52000000.0,B,,Ar II,Ar,II,Ar II,,52000000.0,live_nist
8,diameter,1mm,0.5 cm below,1,352.0,352.0364583333333,352.0,5.34e-07,5.343828125e-07,2,0.10700000000002774,351.893,351.893,351.8922,,,,Ar II,Ar,II,Ar II,,,live_nist
8,diameter,1mm,0.5 cm below,1,352.0,352.0364583333333,352.0,5.34e-07,5.343828125e-07,3,0.12599999999997635,352.126,352.126,352.12599,22700000.0,B,,Ar II,Ar,II,Ar II,,22700000.0,live_nist
9,diameter,1mm,0.5 cm below,1,260.0,259.96153846153845,260.0,5.23e-07,5.230096153846154e-07,1,0.09559999999999036,260.0956,260.0956,260.095957,,,,Ar II,Ar,II,Ar II,,,live_nist
10,diameter,1mm,0.5 cm below,1,310.0,309.75555555555553,309.8,2.62e-07,2.6737777777777777e-07,1,0.052300000000002456,309.7477,309.7477,309.7471,,,,O II,O,II,O II,,,live_nist
10,diameter,1mm,0.5 cm below,1,310.0,309.75555555555553,309.8,2.62e-07,2.6737777777777777e-07,2,0.19249999999999545,309.9925,309.9925,309.992564,,,,Ar II,Ar,II,Ar II,,,live_nist
10,diameter,1mm,0.5 cm below,1,310.0,309.75555555555553,309.8,2.62e-07,2.6737777777777777e-07,3,0.3003999999999678,310.1004,310.1004,310.100855,,,,Ar II,Ar,II,Ar II,,,live_nist
1,diameter,1mm,Base,1,336.0,335.8541666666667,335.9,0.000174,0.00017451041666666667,1,0.11050000000000182,336.0105,336.0105,336.0083,,,,O II,O,II,O II,,,live_nist
1,diameter,1mm,Base,1,336.0,335.8541666666667,335.9,0.000174,0.00017451041666666667,2,0.127900000000011,336.0279,336.0279,336.0281,,,,O II,O,II,O II,,,live_nist
1,diameter,1mm,Base,1,336.0,335.8541666666667,335.9,0.000174,0.00017451041666666667,3,0.16160000000002128,336.0616,,336.0616,,,,O II,O,II,O II,,,live_nist
2,diameter,1mm,Base,1,356.0,355.8215434083601,355.8,6.96e-05,7.009521704180064e-05,1,0.10962000000000671,355.69038,355.69038,355.690383,5000000.0,B,,Ar II,Ar,II,Ar II,,5000000.0,live_nist
2,diameter,1mm,Base,1,356.0,355.8215434083601,355.8,6.96e-05,7.009521704180064e-05,2,0.15078999999997222,355.95079,355.95079,355.95078,288000000.0,B,,Ar II,Ar,II,Ar II,,288000000.0,live_nist
2,diameter,1mm,Base,1,356.0,355.8215434083601,355.8,6.96e-05,7.009521704180064e-05,3,0.30302999999997837,356.10303,356.10303,356.103016,400000000.0,D,,Ar II,Ar,II,Ar II,,400000000.0,live_nist
3,diameter,1mm,Base,1,390.0,390.4382716049383,390.4,5.28e-05,5.435586419753087e-05,1,0.2950000000000159,390.695,390.695,390.693849,,,,Ar II,Ar,II,Ar II,,,live_nist
3,diameter,1mm,Base,1,390.0,390.4382716049383,390.4,5.28e-05,5.435586419753087e-05,2,0.3374900000000025,390.06251,390.06251,390.062636,7200000.0,B,,Ar II,Ar,II,Ar II,,7200000.0,live_nist
3,diameter,1mm,Base,1,390.0,390.4382716049383,390.4,5.28e-05,5.435586419753087e-05,3,0.34550000000001546,390.7455,390.7455,390.74549,8640000.0,C,,O II,O,II,O II,,8640000.0,live_nist
4,diameter,1mm,Base,1,313.0,313.2911392405063,313.3,5.12e-05,5.186962025316455e-05,1,0.12180000000000746,313.4218,313.4218,313.4213,76800000.0,C,,O II,O,II,O II,,76800000.0,live_nist
4,diameter,1mm,Base,1,313.0,313.2911392405063,313.3,5.12e-05,5.186962025316455e-05,2,0.17199999999996862,313.472,313.472,313.4726,123000000.0,C,,O II,O,II,O II,,123000000.0,live_nist
4,diameter,1mm,Base,1,313.0,313.2911392405063,313.3,5.12e-05,5.186962025316455e-05,3,0.34838999999999487,313.64839,313.64839,313.648425,,,,Ar II,Ar,II,Ar II,,,live_nist
5,diameter,1mm,Base,1,379.0,379.0739130434783,379.1,6.58e-06,6.589423913043478e-06,1,0.2225999999999999,379.3226,379.3226,379.322798,,,,Ar II,Ar,II,Ar II,,,live_nist
5,diameter,1mm,Base,1,379.0,379.0739130434783,379.1,6.58e-06,6.589423913043478e-06,2,0.2677999999999656,379.3678,379.3678,379.3678,,,,C I,C,I,C I,,,live_nist
5,diameter,1mm,Base,1,379.0,379.0739130434783,379.1,6.58e-06,6.589423913043478e-06,3,0.33609999999998763,379.4361,379.4361,379.4359,6860000.0,C,,O II,O,II,O II,,6860000.0,live_nist
6,diameter,1mm,Base,1,308.0,307.98646723646726,308.0,1.42e-06,1.4201285612535611e-06,1,0.1390999999999849,308.1391,308.1391,308.1389,,,,O II,O,II,O II,,,live_nist
6,diameter,1mm,Base,1,308.0,307.98646723646726,308.0,1.42e-06,1.4201285612535611e-06,2,0.2977700000000141,308.29777,308.29777,308.29776,,,,Ar II,Ar,II,Ar II,,,live_nist
6,diameter,1mm,Base,1,308.0,307.98646723646726,308.0,1.42e-06,1.4201285612535611e-06,3,0.31929999999999836,308.3193,308.3193,308.319881,,,,Ar II,Ar,II,Ar II,,,live_nist
7,diameter,1mm,Base,1,350.0,350.09574468085106,350.1,1.22e-06,1.2268936170212765e-06,1,0.06689999999997553,350.1669,350.1669,350.1668,,,,O II,O,II,O II,,,live_nist
7,diameter,1mm,Base,1,350.0,350.09574468085106,350.1,1.22e-06,1.2268936170212765e-06,2,0.10430000000002337,349.9957,349.9957,349.996731,,,,Ar II,Ar,II,Ar II,,,live_nist
7,diameter,1mm,Base,1,350.0,350.09574468085106,350.1,1.22e-06,1.2268936170212765e-06,3,0.1524100000000317,349.94759,349.94759,349.94759,300000.0,C+,,Ar II,Ar,II,Ar II,,300000.0,live_nist
8,diameter,1mm,Base,1,329.0,329.05128205128204,329.1,1.05e-06,1.0515384615384615e-06,1,0.04404999999997017,329.14405,329.14405,329.144028,,,,Ar II,Ar,II,Ar II,,,live_nist
8,diameter,1mm,Base,1,329.0,329.05128205128204,329.1,1.05e-06,1.0515384615384615e-06,2,0.10190000000000055,328.9981,328.9981,328.9982,,,,O II,O,II,O II,,,live_nist
8,diameter,1mm,Base,1,329.0,329.05128205128204,329.1,1.05e-06,1.0515384615384615e-06,3,0.2640199999999595,329.36402,329.36402,329.364009,170000000.0,D,,Ar II,Ar,II,Ar II,,170000000.0,live_nist
9,diameter,1mm,Base,1,384.0,383.8466386554622,383.8,9.59e-07,9.645976890756303e-07,1,0.010012500000016189,383.8100125,,383.8100125,374250.0,AAA,,He I,He,I,He I,,374250.0,live_nist
9,diameter,1mm,Base,1,384.0,383.8466386554622,383.8,9.59e-07,9.645976890756303e-07,2,0.023899999999969168,383.8239,383.8239,383.8239,,,,Ar II,Ar,II,Ar II,,,live_nist
9,diameter,1mm,Base,1,384.0,383.8466386554622,383.8,9.59e-07,9.645976890756303e-07,3,0.03699999999997772,383.837,383.837,383.8374,69800000.0,B,,N II,N,II,N II,,69800000.0,live_nist
10,diameter,1mm,Base,1,321.0,320.99824435040966,321.0,6.33e-07,6.330017117583506e-07,1,0.23450000000002547,320.7655,320.7655,320.766891,,,,Ar II,Ar,II,Ar II,,,live_nist
10,diameter,1mm,Base,1,321.0,320.99824435040966,321.0,6.33e-07,6.330017117583506e-07,2,0.2418999999999869,320.7581,320.7581,320.758125,,,,Ar II,Ar,II,Ar II,,,live_nist
10,diameter,1mm,Base,1,321.0,320.99824435040966,321.0,6.33e-07,6.330017117583506e-07,3,0.25177999999999656,321.25178,321.25178,321.25181,5200000.0,C,,Ar II,Ar,II,Ar II,,5200000.0,live_nist
1,diameter,1mm,Middle,1,336.0,335.54,335.5,0.000412,0.00041993499999999997,1,0.04449019999998427,335.4555098,,335.4555098,1453700.0,AAA,,He I,He,I,He I,,1453700.0,live_nist
1,diameter,1mm,Middle,1,336.0,335.54,335.5,0.000412,0.00041993499999999997,2,0.3690000000000282,335.131,,335.131,,,,O II,O,II,O II,,,live_nist
1,diameter,1mm,Middle,1,336.0,335.54,335.5,0.000412,0.00041993499999999997,3,0.40762000000000853,335.09238,335.09238,335.092386,150000000.0,D,,Ar II,Ar,II,Ar II,,150000000.0,live_nist
2,diameter,1mm,Middle,1,390.0,390.37719298245617,390.4,0.000272,0.0002760548245614035,1,0.2950000000000159,390.695,390.695,390.693849,,,,Ar II,Ar,II,Ar II,,,live_nist
2,diameter,1mm,Middle,1,390.0,390.37719298245617,390.4,0.000272,0.0002760548245614035,2,0.3374900000000025,390.06251,390.06251,390.062636,7200000.0,B,,Ar II,Ar,II,Ar II,,7200000.0,live_nist
2,diameter,1mm,Middle,1,390.0,390.37719298245617,390.4,0.000272,0.0002760548245614035,3,0.34550000000001546,390.7455,390.7455,390.74549,8640000.0,C,,O II,O,II,O II,,8640000.0,live_nist
3,diameter,1mm,Middle,1,356.0,355.87735849056605,355.9,0.000252,0.0002523985849056604,1,0.05079000000000633,355.95079,355.95079,355.95078,288000000.0,B,,Ar II,Ar,II,Ar II,,288000000.0,live_nist
3,diameter,1mm,Middle,1,356.0,355.87735849056605,355.9,0.000252,0.0002523985849056604,2,0.20303000000001248,356.10303,356.10303,356.103016,400000000.0,D,,Ar II,Ar,II,Ar II,,400000000.0,live_nist
3,diameter,1mm,Middle,1,356.0,355.87735849056605,355.9,0.000252,0.0002523985849056604,3,0.2096199999999726,355.69038,355.69038,355.690383,5000000.0,B,,Ar II,Ar,II,Ar II,,5000000.0,live_nist
4,diameter,1mm,Middle,1,314.0,314.3909090909091,314.4,0.000231,0.00023520227272727273,1,0.01089999999999236,314.3891,314.3891,314.389502,,,,Ar II,Ar,II,Ar II,,,live_nist
4,diameter,1mm,Middle,1,314.0,314.3909090909091,314.4,0.000231,0.00023520227272727273,2,0.18999999999999773,314.59,314.59,314.590397,,,,Ar II,Ar,II,Ar II,,,live_nist
4,diameter,1mm,Middle,1,314.0,314.3909090909091,314.4,0.000231,0.00023520227272727273,3,0.24220000000002528,314.6422,314.6422,314.642615,300000.0,D,,Ar II,Ar,II,Ar II,,300000.0,live_nist
5,diameter,1mm,Middle,1,379.0,378.8898305084746,378.9,7.89e-05,7.893580508474575e-05,1,0.22999999999996135,378.67,,378.67,970000.0,D,,O II,O,II,O II,,970000.0,live_nist
5,diameter,1mm,Middle,1,379.0,378.8898305084746,378.9,7.89e-05,7.893580508474575e-05,2,0.26180999999996857,378.63819,378.63819,378.638198,1500000.0,B,,Ar II,Ar,II,Ar II,,1500000.0,live_nist
5,diameter,1mm,Middle,1,379.0,378.8898305084746,378.9,7.89e-05,7.893580508474575e-05,3,0.4019999999999868,378.498,,378.498,5830000.0,D,,O II,O,II,O II,,5830000.0,live_nist
6,diameter,1mm,Middle,1,429.0,428.507299270073,428.5,6.89e-05,7.22257299270073e-05,1,0.06069999999999709,428.4393,428.4393,428.43992,,,,O II,O,II,O II,,,live_nist
6,diameter,1mm,Middle,1,429.0,428.507299270073,428.5,6.89e-05,7.22257299270073e-05,2,0.06869999999997844,428.5687,428.5687,428.5684,,,,O II,O,II,O II,,,live_nist
6,diameter,1mm,Middle,1,429.0,428.507299270073,428.5,6.89e-05,7.22257299270073e-05,3,0.0998000000000161,428.4002,428.4002,428.4011,,,,O II,O,II,O II,,,live_nist
7,diameter,1mm,Middle,1,400.0,400.02284263959393,400.0,1.12e-05,1.1201027918781726e-05,1,0.07481999999998834,399.92518,399.92518,399.925192,,,,Ar II,Ar,II,Ar II,,,live_nist
7,diameter,1mm,Middle,1,400.0,400.02284263959393,400.0,1.12e-05,1.1201027918781726e-05,2,0.11378000000001975,400.11378,400.11378,400.113759,600000.0,C,,Ar II,Ar,II,Ar II,,600000.0,live_nist
7,diameter,1mm,Middle,1,400.0,400.02284263959393,400.0,1.12e-05,1.1201027918781726e-05,3,0.20467000000002145,399.79533,,399.79533,2410000.0,B,,O I,O,I,O I,,2410000.0,live_nist
8,diameter,1mm,Middle,1,406.0,406.2645502645503,406.3,9.62e-06,9.884550264550263e-06,1,0.006399999999985084,406.2936,406.2936,406.29367,,,,O II,O,II,O II,,,live_nist
8,diameter,1mm,Middle,1,406.0,406.2645502645503,406.3,9.62e-06,9.884550264550263e-06,2,0.05770000000001119,406.3577,406.3577,406.3577,,,,C I,C,I,C I,,,live_nist
8,diameter,1mm,Middle,1,406.0,406.2645502645503,406.3,9.62e-06,9.884550264550263e-06,3,0.12438000000003058,406.17562,,406.17562,,,,O II,O,II,O II,,,live_nist
9,diameter,1mm,Middle,1,329.0,329.07169459962756,329.1,4.59e-06,4.603801210428305e-06,1,0.04404999999997017,329.14405,329.14405,329.144028,,,,Ar II,Ar,II,Ar II,,,live_nist
9,diameter,1mm,Middle,1,329.0,329.07169459962756,329.1,4.59e-06,4.603801210428305e-06,2,0.10190000000000055,328.9981,328.9981,328.9982,,,,O II,O,II,O II,,,live_nist
9,diameter,1mm,Middle,1,329.0,329.07169459962756,329.1,4.59e-06,4.603801210428305e-06,3,0.2640199999999595,329.36402,329.36402,329.364009,170000000.0,D,,Ar II,Ar,II,Ar II,,170000000.0,live_nist
10,diameter,1mm,Middle,1,423.0,423.0549180327869,423.1,1.09e-06,1.0918397540983605e-06,1,0.11312000000003763,422.98688,422.98688,422.986872,,,,Ar II,Ar,II,Ar II,,,live_nist
10,diameter,1mm,Middle,1,423.0,423.0549180327869,423.1,1.09e-06,1.0918397540983605e-06,2,0.2259999999999991,423.326,,423.326,135000.0,C,,O I,O,I,O I,,135000.0,live_nist
10,diameter,1mm,Middle,1,423.0,423.0549180327869,423.1,1.09e-06,1.0918397540983605e-06,3,0.22699999999997544,423.327,423.327,423.3274,404000.0,C+,,O I,O,I,O I,,404000.0,live_nist
1,diameter,1mm,Tip,1,336.0,335.8213367609255,335.8,0.000104,0.00010462085475578405,1,0.2104999999999677,336.0105,336.0105,336.0083,,,,O II,O,II,O II,,,live_nist
1,diameter,1mm,Tip,1,336.0,335.8213367609255,335.8,0.000104,0.00010462085475578405,2,0.2278999999999769,336.0279,336.0279,336.0281,,,,O II,O,II,O II,,,live_nist
1,diameter,1mm,Tip,1,336.0,335.8213367609255,335.8,0.000104,0.00010462085475578405,3,0.2615999999999872,336.0616,,336.0616,,,,O II,O,II,O II,,,live_nist
2,diameter,1mm,Tip,1,391.0,390.6140350877193,390.6,3.51e-05,3.5949122807017543e-05,1,0.09499999999997044,390.695,390.695,390.693849,,,,Ar II,Ar,II,Ar II,,,live_nist
2,diameter,1mm,Tip,1,391.0,390.6140350877193,390.6,3.51e-05,3.5949122807017543e-05,2,0.14549999999997,390.7455,390.7455,390.74549,8640000.0,C,,O II,O,II,O II,,8640000.0,live_nist
3,diameter,1mm,Tip,1,356.0,356.31516587677726,356.3,3.49e-05,3.594792654028436e-05,1,0.0020999999999844476,356.2979,356.2979,356.2969075,268680.0,AAA,,He I,He,I,He I,,268680.0,live_nist
3,diameter,1mm,Tip,1,356.0,356.31516587677726,356.3,3.49e-05,3.594792654028436e-05,2,0.0020999999999844476,356.2979,356.2979,356.297878,161210.0,AAA,,He I,He,I,He I,,161210.0,live_nist
3,diameter,1mm,Tip,1,356.0,356.31516587677726,356.3,3.49e-05,3.594792654028436e-05,3,0.010423699999989822,356.3104237,,356.3104237,53735.0,AAA,,He I,He,I,He I,,53735.0,live_nist
4,diameter,1mm,Tip,1,314.0,314.20542635658916,314.2,3.12e-05,3.174437984496124e-05,1,0.10370000000000346,314.0963,314.0963,314.097313,,,,Ar II,Ar,II,Ar II,,,live_nist
4,diameter,1mm,Tip,1,314.0,314.20542635658916,314.2,3.12e-05,3.174437984496124e-05,2,0.18909999999999627,314.3891,314.3891,314.389502,,,,Ar II,Ar,II,Ar II,,,live_nist
4,diameter,1mm,Tip,1,314.0,314.20542635658916,314.2,3.12e-05,3.174437984496124e-05,3,0.2319999999999709,313.968,313.968,313.9678,76400000.0,C,,O II,O,II,O II,,76400000.0,live_nist
5,diameter,1mm,Tip,1,379.0,379.3660084626234,379.4,1.01e-05,1.0574895980253878e-05,1,0.032199999999988904,379.3678,379.3678,379.3678,,,,C I,C,I,C I,,,live_nist
5,diameter,1mm,Tip,1,379.0,379.3660084626234,379.4,1.01e-05,1.0574895980253878e-05,2,0.036100000000033106,379.4361,379.4361,379.4359,6860000.0,C,,O II,O,II,O II,,6860000.0,live_nist
5,diameter,1mm,Tip,1,379.0,379.3660084626234,379.4,1.01e-05,1.0574895980253878e-05,3,0.07739999999995462,379.3226,379.3226,379.322798,,,,Ar II,Ar,II,Ar II,,,live_nist
6,diameter,1mm,Tip,1,310.0,309.90167753960856,309.9,1.25e-06,1.2551865097856478e-06,1,0.09250000000002956,309.9925,309.9925,309.992564,,,,Ar II,Ar,II,Ar II,,,live_nist
6,diameter,1mm,Tip,1,310.0,309.90167753960856,309.9,1.25e-06,1.2551865097856478e-06,2,0.15229999999996835,309.7477,309.7477,309.7471,,,,O II,O,II,O II,,,live_nist
6,diameter,1mm,Tip,1,310.0,309.90167753960856,309.9,1.25e-06,1.2551865097856478e-06,3,0.2004000000000019,310.1004,310.1004,310.100855,,,,Ar II,Ar,II,Ar II,,,live_nist
7,diameter,1mm,Tip,1,260.0,259.96153846153845,260.0,5.23e-07,5.230096153846154e-07,1,0.09559999999999036,260.0956,260.0956,260.095957,,,,Ar II,Ar,II,Ar II,,,live_nist
8,diameter,1mm,Tip,1,375.0,375.0187319884726,375.0,3.25e-07,3.2506087896253604e-07,1,0.012490500000012617,375.0124905,,375.0124905,487480.0,AAA,,H I,H,I,H I,,487480.0,live_nist
8,diameter,1mm,Tip,1,375.0,375.0187319884726,375.0,3.25e-07,3.2506087896253604e-07,2,0.012511800000027051,375.0125118,,375.0125118,29828.0,AAA,,H I,H,I,H I,,29828.0,live_nist
8,diameter,1mm,Tip,1,375.0,375.0187319884726,375.0,3.25e-07,3.2506087896253604e-07,3,0.01274999999998272,375.01275,,375.01275,,,,H I,H,I,H I,,,live_nist
9,diameter,1mm,Tip,1,306.0,305.8279569892473,305.8,2.45e-07,2.47752688172043e-07,1,0.12930000000000064,305.9293,305.9293,305.9284,,,,O II,O,II,O II,,,live_nist
9,diameter,1mm,Tip,1,306.0,305.8279569892473,305.8,2.45e-07,2.47752688172043e-07,2,0.27190000000001646,305.5281,305.5281,305.527974,,,,Ar II,Ar,II,Ar II,,,live_nist
9,diameter,1mm,Tip,1,306.0,305.8279569892473,305.8,2.45e-07,2.47752688172043e-07,3,0.2905900000000088,306.09059,306.09059,306.090557,,,,Ar II,Ar,II,Ar II,,,live_nist
10,diameter,1mm,Tip,1,398.0,397.566852367688,397.6,1.86e-07,2.0283861420612812e-07,1,0.1179000000000201,397.4821,397.4821,397.4824,,,,O II,O,II,O II,,,live_nist
10,diameter,1mm,Tip,1,398.0,397.566852367688,397.6,1.86e-07,2.0283861420612812e-07,2,0.12418000000002394,397.47582,397.47582,397.475854,900000.0,D,,Ar II,Ar,II,Ar II,,900000.0,live_nist
10,diameter,1mm,Tip,1,398.0,397.566852367688,397.6,1.86e-07,2.0283861420612812e-07,3,0.1309999999999718,397.731,,397.731,7790.0,B+,,N II,N,II,N II,,7790.0,live_nist
